<?xml version="1.0" encoding="utf-8"?><feed xmlns="http://www.w3.org/2005/Atom" ><generator uri="https://jekyllrb.com/" version="3.9.5">Jekyll</generator><link href="http://localhost:4000/feed.xml" rel="self" type="application/atom+xml" /><link href="http://localhost:4000/" rel="alternate" type="text/html" /><updated>2024-07-17T13:45:33-07:00</updated><id>http://localhost:4000/feed.xml</id><title type="html">Homepage</title><subtitle>personal description</subtitle><author><name>Tambon Florian</name><email>tambonflorian01@gmail.com</email></author><entry><title type="html">Future Blog Post</title><link href="http://localhost:4000/posts/2012/08/blog-post-4/" rel="alternate" type="text/html" title="Future Blog Post" /><published>2199-01-01T00:00:00-08:00</published><updated>2199-01-01T00:00:00-08:00</updated><id>http://localhost:4000/posts/2012/08/future-post</id><content type="html" xml:base="http://localhost:4000/posts/2012/08/blog-post-4/"><![CDATA[<p>This post will show up by default. To disable scheduling of future posts, edit <code class="language-plaintext highlighter-rouge">config.yml</code> and set <code class="language-plaintext highlighter-rouge">future: false</code>.</p>]]></content><author><name>Tambon Florian</name><email>tambonflorian01@gmail.com</email></author><category term="cool posts" /><category term="category1" /><category term="category2" /><summary type="html"><![CDATA[This post will show up by default. To disable scheduling of future posts, edit config.yml and set future: false.]]></summary></entry><entry><title type="html">Blog Post number 4</title><link href="http://localhost:4000/posts/2012/08/blog-post-4/" rel="alternate" type="text/html" title="Blog Post number 4" /><published>2015-08-14T00:00:00-07:00</published><updated>2015-08-14T00:00:00-07:00</updated><id>http://localhost:4000/posts/2012/08/blog-post-4</id><content type="html" xml:base="http://localhost:4000/posts/2012/08/blog-post-4/"><![CDATA[<p>This is a sample blog post. Lorem ipsum I can’t remember the rest of lorem ipsum and don’t have an internet connection right now. Testing testing testing this blog post. Blog posts are cool.</p>

<h1 id="headings-are-cool">Headings are cool</h1>

<h1 id="you-can-have-many-headings">You can have many headings</h1>

<h2 id="arent-headings-cool">Aren’t headings cool?</h2>]]></content><author><name>Tambon Florian</name><email>tambonflorian01@gmail.com</email></author><category term="cool posts" /><category term="category1" /><category term="category2" /><summary type="html"><![CDATA[This is a sample blog post. Lorem ipsum I can’t remember the rest of lorem ipsum and don’t have an internet connection right now. Testing testing testing this blog post. Blog posts are cool.]]></summary></entry><entry><title type="html">Blog Post number 3</title><link href="http://localhost:4000/posts/2014/08/blog-post-3/" rel="alternate" type="text/html" title="Blog Post number 3" /><published>2014-08-14T00:00:00-07:00</published><updated>2014-08-14T00:00:00-07:00</updated><id>http://localhost:4000/posts/2014/08/blog-post-3</id><content type="html" xml:base="http://localhost:4000/posts/2014/08/blog-post-3/"><![CDATA[<p>This is a sample blog post. Lorem ipsum I can’t remember the rest of lorem ipsum and don’t have an internet connection right now. Testing testing testing this blog post. Blog posts are cool.</p>

<h1 id="headings-are-cool">Headings are cool</h1>

<h1 id="you-can-have-many-headings">You can have many headings</h1>

<h2 id="arent-headings-cool">Aren’t headings cool?</h2>]]></content><author><name>Tambon Florian</name><email>tambonflorian01@gmail.com</email></author><category term="cool posts" /><category term="category1" /><category term="category2" /><summary type="html"><![CDATA[This is a sample blog post. Lorem ipsum I can’t remember the rest of lorem ipsum and don’t have an internet connection right now. Testing testing testing this blog post. Blog posts are cool.]]></summary></entry><entry><title type="html">Blog Post number 2</title><link href="http://localhost:4000/posts/2013/08/blog-post-2/" rel="alternate" type="text/html" title="Blog Post number 2" /><published>2013-08-14T00:00:00-07:00</published><updated>2013-08-14T00:00:00-07:00</updated><id>http://localhost:4000/posts/2013/08/blog-post-2</id><content type="html" xml:base="http://localhost:4000/posts/2013/08/blog-post-2/"><![CDATA[<p>This is a sample blog post. Lorem ipsum I can’t remember the rest of lorem ipsum and don’t have an internet connection right now. Testing testing testing this blog post. Blog posts are cool.</p>

<h1 id="headings-are-cool">Headings are cool</h1>

<h1 id="you-can-have-many-headings">You can have many headings</h1>

<h2 id="arent-headings-cool">Aren’t headings cool?</h2>]]></content><author><name>Tambon Florian</name><email>tambonflorian01@gmail.com</email></author><category term="cool posts" /><category term="category1" /><category term="category2" /><summary type="html"><![CDATA[This is a sample blog post. Lorem ipsum I can’t remember the rest of lorem ipsum and don’t have an internet connection right now. Testing testing testing this blog post. Blog posts are cool.]]></summary></entry><entry><title type="html">Blog Post number 1</title><link href="http://localhost:4000/posts/2012/08/blog-post-1/" rel="alternate" type="text/html" title="Blog Post number 1" /><published>2012-08-14T00:00:00-07:00</published><updated>2012-08-14T00:00:00-07:00</updated><id>http://localhost:4000/posts/2012/08/blog-post-1</id><content type="html" xml:base="http://localhost:4000/posts/2012/08/blog-post-1/"><![CDATA[<p>This is a sample blog post. Lorem ipsum I can’t remember the rest of lorem ipsum and don’t have an internet connection right now. Testing testing testing this blog post. Blog posts are cool.</p>

<h1 id="headings-are-cool">Headings are cool</h1>

<h1 id="you-can-have-many-headings">You can have many headings</h1>

<h2 id="arent-headings-cool">Aren’t headings cool?</h2>]]></content><author><name>Tambon Florian</name><email>tambonflorian01@gmail.com</email></author><category term="cool posts" /><category term="category1" /><category term="category2" /><summary type="html"><![CDATA[This is a sample blog post. Lorem ipsum I can’t remember the rest of lorem ipsum and don’t have an internet connection right now. Testing testing testing this blog post. Blog posts are cool.]]></summary></entry></feed>